filename,best_block_size,best_c,best_performance
nf105.jpg,19,4,42.541130287840815
nf131.jpg,11,3,81.83346699680637
nf157.jpg,13,3,49.7281454248366
nf37.jpg,13,4,16.53448084385963
nf47.jpg,15,3,17.679602919397
nf54.jpg,17,2,75.65456983409298
nf65.jpg,11,4,6.614269879039149
nf79.jpg,11,1,63.71620971620972
nf80.jpg,13,4,73.84829112304085
nf90.jpg,15,4,8.662691970164289
nf97.jpg,19,4,4.7647454765322745
